track_id,frame_id,timestamp_ms,agent_type,x,y,vx,vy
P1,1,100,pedestrian/bicycle,1003.284,1005.06,-1.115,0.542
P1,2,200,pedestrian/bicycle,1003.179,1005.111,-0.996,0.494
P1,3,300,pedestrian/bicycle,1003.085,1005.158,-0.876,0.445
P1,4,400,pedestrian/bicycle,1003.004,1005.2,-0.758,0.396
P1,5,500,pedestrian/bicycle,1002.933,1005.238,-0.648,0.348
P1,6,600,pedestrian/bicycle,1002.873,1005.27,-0.557,0.301
P1,7,700,pedestrian/bicycle,1002.82,1005.298,-0.495,0.258
P1,8,800,pedestrian/bicycle,1002.772,1005.322,-0.472,0.218
P1,9,900,pedestrian/bicycle,1002.723,1005.342,-0.501,0.18
P1,10,1000,pedestrian/bicycle,1002.668,1005.358,-0.606,0.144
P1,11,1100,pedestrian/bicycle,1002.598,1005.371,-0.788,0.111
P1,12,1200,pedestrian/bicycle,1002.508,1005.38,-1.012,0.082
P1,13,1300,pedestrian/bicycle,1002.396,1005.387,-1.243,0.059
P1,14,1400,pedestrian/bicycle,1002.262,1005.392,-1.438,0.041
P1,15,1500,pedestrian/bicycle,1002.112,1005.396,-1.556,0.028
P1,16,1600,pedestrian/bicycle,1001.954,1005.398,-1.593,0.021
P1,17,1700,pedestrian/bicycle,1001.796,1005.4,-1.572,0.018
P1,18,1800,pedestrian/bicycle,1001.642,1005.402,-1.516,0.019
P1,19,1900,pedestrian/bicycle,1001.494,1005.404,-1.443,0.023
P1,20,2000,pedestrian/bicycle,1001.353,1005.407,-1.367,0.03
P1,21,2100,pedestrian/bicycle,1001.22,1005.41,-1.295,0.038
P1,22,2200,pedestrian/bicycle,1001.094,1005.414,-1.232,0.044
P1,23,2300,pedestrian/bicycle,1000.973,1005.419,-1.181,0.045
P1,24,2400,pedestrian/bicycle,1000.857,1005.423,-1.14,0.039
P1,25,2500,pedestrian/bicycle,1000.745,1005.426,-1.106,0.027
P1,26,2600,pedestrian/bicycle,1000.636,1005.428,-1.076,0.009
P1,27,2700,pedestrian/bicycle,1000.53,1005.428,-1.05,-0.013
P1,28,2800,pedestrian/bicycle,1000.425,1005.425,-1.033,-0.035
P1,29,2900,pedestrian/bicycle,1000.322,1005.421,-1.028,-0.056
P1,30,3000,pedestrian/bicycle,1000.219,1005.415,-1.034,-0.071
P1,31,3100,pedestrian/bicycle,1000.115,1005.407,-1.045,-0.081
P1,32,3200,pedestrian/bicycle,1000.01,1005.399,-1.059,-0.085
P1,33,3300,pedestrian/bicycle,999.903,1005.39,-1.076,-0.083
P1,34,3400,pedestrian/bicycle,999.795,1005.382,-1.096,-0.078
P1,35,3500,pedestrian/bicycle,999.684,1005.375,-1.117,-0.072
P1,36,3600,pedestrian/bicycle,999.571,1005.368,-1.135,-0.07
P1,37,3700,pedestrian/bicycle,999.457,1005.361,-1.146,-0.072
P1,38,3800,pedestrian/bicycle,999.342,1005.353,-1.152,-0.079
P1,39,3900,pedestrian/bicycle,999.227,1005.345,-1.155,-0.089
P1,40,4000,pedestrian/bicycle,999.112,1005.335,-1.157,-0.101
P1,41,4100,pedestrian/bicycle,998.996,1005.324,-1.156,-0.112
P1,42,4200,pedestrian/bicycle,998.881,1005.313,-1.152,-0.119
P1,43,4300,pedestrian/bicycle,998.766,1005.301,-1.144,-0.123
P1,44,4400,pedestrian/bicycle,998.652,1005.288,-1.135,-0.126
P1,45,4500,pedestrian/bicycle,998.539,1005.276,-1.129,-0.131
P1,46,4600,pedestrian/bicycle,998.426,1005.262,-1.125,-0.14
P1,47,4700,pedestrian/bicycle,998.314,1005.247,-1.117,-0.155
P1,48,4800,pedestrian/bicycle,998.203,1005.231,-1.106,-0.173
P1,49,4900,pedestrian/bicycle,998.093,1005.213,-1.094,-0.191
P1,50,5000,pedestrian/bicycle,997.984,1005.193,-1.086,-0.208
P1,51,5100,pedestrian/bicycle,997.875,1005.171,-1.081,-0.222
P1,52,5200,pedestrian/bicycle,997.768,1005.149,-1.075,-0.232
P1,53,5300,pedestrian/bicycle,997.661,1005.125,-1.065,-0.235
P1,54,5400,pedestrian/bicycle,997.555,1005.102,-1.055,-0.233
P1,55,5500,pedestrian/bicycle,997.449,1005.079,-1.048,-0.229
P1,56,5600,pedestrian/bicycle,997.345,1005.056,-1.045,-0.223
P1,57,5700,pedestrian/bicycle,997.24,1005.034,-1.047,-0.214
P1,58,5800,pedestrian/bicycle,997.135,1005.013,-1.05,-0.201
P1,59,5900,pedestrian/bicycle,997.03,1004.994,-1.052,-0.184
P1,60,6000,pedestrian/bicycle,996.925,1004.977,-1.05,-0.165
P1,61,6100,pedestrian/bicycle,996.82,1004.961,-1.045,-0.145
P1,62,6200,pedestrian/bicycle,996.716,1004.948,-1.039,-0.125
P1,63,6300,pedestrian/bicycle,996.613,1004.936,-1.033,-0.105
P1,64,6400,pedestrian/bicycle,996.51,1004.927,-1.026,-0.084
P1,65,6500,pedestrian/bicycle,996.408,1004.919,-1.016,-0.065
P1,66,6600,pedestrian/bicycle,996.307,1004.914,-1.006,-0.05
P1,67,6700,pedestrian/bicycle,996.206,1004.909,-1.001,-0.038
P1,68,6800,pedestrian/bicycle,996.106,1004.906,-1.003,-0.029
P1,69,6900,pedestrian/bicycle,996.005,1004.903,-1.01,-0.024
P1,70,7000,pedestrian/bicycle,995.904,1004.901,-1.014,-0.024
P1,71,7100,pedestrian/bicycle,995.803,1004.898,-1.014,-0.028
P1,72,7200,pedestrian/bicycle,995.701,1004.895,-1.013,-0.03
P1,73,7300,pedestrian/bicycle,995.6,1004.892,-1.01,-0.031
P1,74,7400,pedestrian/bicycle,995.499,1004.889,-1.006,-0.031
P1,75,7500,pedestrian/bicycle,995.399,1004.886,-0.998,-0.031
P1,76,7600,pedestrian/bicycle,995.3,1004.883,-0.982,-0.031
P1,77,7700,pedestrian/bicycle,995.203,1004.88,-0.959,-0.031
P1,78,7800,pedestrian/bicycle,995.109,1004.877,-0.935,-0.03
P1,79,7900,pedestrian/bicycle,995.016,1004.874,-0.912,-0.031
P1,80,8000,pedestrian/bicycle,994.926,1004.871,-0.888,-0.03
P1,81,8100,pedestrian/bicycle,994.839,1004.868,-0.858,-0.026
P1,82,8200,pedestrian/bicycle,994.755,1004.865,-0.822,-0.022
P1,83,8300,pedestrian/bicycle,994.675,1004.863,-0.785,-0.02
P1,84,8400,pedestrian/bicycle,994.598,1004.862,-0.756,-0.018
P1,85,8500,pedestrian/bicycle,994.523,1004.86,-0.739,-0.017
P1,86,8600,pedestrian/bicycle,994.449,1004.858,-0.735,-0.017
P2,231,23100,pedestrian/bicycle,1085.148,988.516,-3.48,0.221
P2,232,23200,pedestrian/bicycle,1084.8,988.538,-3.483,0.224
P2,233,23300,pedestrian/bicycle,1084.452,988.56,-3.48,0.226
P2,234,23400,pedestrian/bicycle,1084.104,988.583,-3.469,0.227
P2,235,23500,pedestrian/bicycle,1083.758,988.606,-3.445,0.228
P2,236,23600,pedestrian/bicycle,1083.416,988.629,-3.409,0.227
P2,237,23700,pedestrian/bicycle,1083.077,988.651,-3.362,0.227
P2,238,23800,pedestrian/bicycle,1082.744,988.674,-3.31,0.233
P2,239,23900,pedestrian/bicycle,1082.415,988.698,-3.255,0.242
P2,240,24000,pedestrian/bicycle,1082.093,988.723,-3.201,0.255
P2,241,24100,pedestrian/bicycle,1081.775,988.749,-3.147,0.27
P2,242,24200,pedestrian/bicycle,1081.463,988.777,-3.091,0.286
P2,243,24300,pedestrian/bicycle,1081.157,988.806,-3.033,0.3
P2,244,24400,pedestrian/bicycle,1080.857,988.837,-2.974,0.31
P2,245,24500,pedestrian/bicycle,1080.562,988.868,-2.915,0.311
P2,246,24600,pedestrian/bicycle,1080.274,988.898,-2.858,0.302
P2,247,24700,pedestrian/bicycle,1079.991,988.928,-2.803,0.285
P2,248,24800,pedestrian/bicycle,1079.713,988.955,-2.754,0.261
P2,249,24900,pedestrian/bicycle,1079.439,988.98,-2.709,0.236
P2,250,25000,pedestrian/bicycle,1079.171,989.002,-2.665,0.215
P2,251,25100,pedestrian/bicycle,1078.906,989.023,-2.624,0.201
P2,252,25200,pedestrian/bicycle,1078.646,989.043,-2.585,0.198
P2,253,25300,pedestrian/bicycle,1078.389,989.063,-2.551,0.209
P2,254,25400,pedestrian/bicycle,1078.135,989.086,-2.522,0.237
P2,255,25500,pedestrian/bicycle,1077.884,989.112,-2.502,0.286
P2,256,25600,pedestrian/bicycle,1077.635,989.144,-2.491,0.356
P2,257,25700,pedestrian/bicycle,1077.386,989.184,-2.488,0.448
P2,258,25800,pedestrian/bicycle,1077.137,989.235,-2.486,0.562
P2,259,25900,pedestrian/bicycle,1076.889,989.297,-2.476,0.693
P2,260,26000,pedestrian/bicycle,1076.643,989.374,-2.453,0.837
P2,261,26100,pedestrian/bicycle,1076.399,989.465,-2.414,0.99
P2,262,26200,pedestrian/bicycle,1076.161,989.572,-2.358,1.145
P2,263,26300,pedestrian/bicycle,1075.928,989.694,-2.287,1.299
P2,264,26400,pedestrian/bicycle,1075.704,989.832,-2.205,1.448
P2,265,26500,pedestrian/bicycle,1075.488,989.983,-2.109,1.589
P2,266,26600,pedestrian/bicycle,1075.283,990.149,-1.996,1.718
P2,267,26700,pedestrian/bicycle,1075.089,990.327,-1.87,1.838
P2,268,26800,pedestrian/bicycle,1074.909,990.516,-1.735,1.947
P2,269,26900,pedestrian/bicycle,1074.742,990.715,-1.6,2.044
P2,270,27000,pedestrian/bicycle,1074.589,990.924,-1.472,2.129
P2,271,27100,pedestrian/bicycle,1074.447,991.14,-1.354,2.198
P2,272,27200,pedestrian/bicycle,1074.317,991.363,-1.245,2.252
P2,273,27300,pedestrian/bicycle,1074.198,991.59,-1.144,2.296
P2,274,27400,pedestrian/bicycle,1074.088,991.822,-1.054,2.336
P2,275,27500,pedestrian/bicycle,1073.987,992.058,-0.975,2.38
P2,276,27600,pedestrian/bicycle,1073.892,992.298,-0.909,2.426
P2,277,27700,pedestrian/bicycle,1073.804,992.543,-0.854,2.473
P2,278,27800,pedestrian/bicycle,1073.721,992.793,-0.808,2.522
P2,279,27900,pedestrian/bicycle,1073.642,993.047,-0.768,2.575
P2,280,28000,pedestrian/bicycle,1073.567,993.308,-0.731,2.631
P2,281,28100,pedestrian/bicycle,1073.496,993.574,-0.694,2.695
P2,282,28200,pedestrian/bicycle,1073.429,993.847,-0.654,2.767
P2,283,28300,pedestrian/bicycle,1073.365,994.128,-0.609,2.851
P2,284,28400,pedestrian/bicycle,1073.307,994.418,-0.557,2.946
P2,285,28500,pedestrian/bicycle,1073.254,994.718,-0.497,3.048
P2,286,28600,pedestrian/bicycle,1073.208,995.028,-0.428,3.15
P2,287,28700,pedestrian/bicycle,1073.169,995.347,-0.352,3.246
P2,288,28800,pedestrian/bicycle,1073.138,995.676,-0.274,3.332
P2,289,28900,pedestrian/bicycle,1073.114,996.013,-0.197,3.406
P2,290,29000,pedestrian/bicycle,1073.098,996.356,-0.124,3.46
P2,291,29100,pedestrian/bicycle,1073.089,996.704,-0.057,3.497
P2,292,29200,pedestrian/bicycle,1073.087,997.055,0.002,3.52
P2,293,29300,pedestrian/bicycle,1073.089,997.408,0.052,3.533
P2,294,29400,pedestrian/bicycle,1073.097,997.762,0.094,3.541
P2,295,29500,pedestrian/bicycle,1073.108,998.116,0.132,3.554
P2,296,29600,pedestrian/bicycle,1073.123,998.473,0.168,3.578
P2,297,29700,pedestrian/bicycle,1073.141,998.832,0.197,3.611
P2,298,29800,pedestrian/bicycle,1073.162,999.195,0.219,3.649
P2,299,29900,pedestrian/bicycle,1073.185,999.562,0.235,3.686
P2,300,30000,pedestrian/bicycle,1073.209,999.933,0.25,3.722
P2,301,30100,pedestrian/bicycle,1073.235,1000.306,0.266,3.754
P2,302,30200,pedestrian/bicycle,1073.262,1000.683,0.285,3.778
P2,303,30300,pedestrian/bicycle,1073.292,1001.062,0.307,3.797
P2,304,30400,pedestrian/bicycle,1073.324,1001.442,0.33,3.811
P2,305,30500,pedestrian/bicycle,1073.358,1001.824,0.353,3.824
P2,306,30600,pedestrian/bicycle,1073.394,1002.207,0.371,3.839
P2,307,30700,pedestrian/bicycle,1073.432,1002.592,0.385,3.855
P2,308,30800,pedestrian/bicycle,1073.471,1002.978,0.39,3.872
P2,309,30900,pedestrian/bicycle,1073.509,1003.366,0.385,3.893
P2,310,31000,pedestrian/bicycle,1073.547,1003.757,0.371,3.918
P2,311,31100,pedestrian/bicycle,1073.583,1004.15,0.352,3.949
P2,312,31200,pedestrian/bicycle,1073.617,1004.547,0.331,3.982
P2,313,31300,pedestrian/bicycle,1073.65,1004.946,0.31,4.011
P2,314,31400,pedestrian/bicycle,1073.68,1005.349,0.29,4.031
P2,315,31500,pedestrian/bicycle,1073.708,1005.752,0.272,4.044
P2,316,31600,pedestrian/bicycle,1073.734,1006.157,0.257,4.05
P2,317,31700,pedestrian/bicycle,1073.759,1006.562,0.245,4.05
P2,318,31800,pedestrian/bicycle,1073.783,1006.967,0.238,4.043
P2,319,31900,pedestrian/bicycle,1073.807,1007.37,0.234,4.031
P2,320,32000,pedestrian/bicycle,1073.83,1007.772,0.233,4.012
P2,321,32100,pedestrian/bicycle,1073.854,1008.172,0.231,3.988
P2,322,32200,pedestrian/bicycle,1073.877,1008.57,0.23,3.962
P2,323,32300,pedestrian/bicycle,1073.9,1008.965,0.228,3.942
P2,324,32400,pedestrian/bicycle,1073.922,1009.359,0.222,3.928
P2,325,32500,pedestrian/bicycle,1073.944,1009.751,0.215,3.917
P2,326,32600,pedestrian/bicycle,1073.965,1010.142,0.207,3.908
P2,327,32700,pedestrian/bicycle,1073.985,1010.532,0.2,3.894
P2,328,32800,pedestrian/bicycle,1074.005,1010.921,0.193,3.873
P2,329,32900,pedestrian/bicycle,1074.024,1011.307,0.185,3.846
P2,330,33000,pedestrian/bicycle,1074.042,1011.69,0.178,3.814
P2,331,33100,pedestrian/bicycle,1074.06,1012.069,0.176,3.779
P2,332,33200,pedestrian/bicycle,1074.078,1012.445,0.18,3.743
P2,333,33300,pedestrian/bicycle,1074.096,1012.818,0.187,3.702
P2,334,33400,pedestrian/bicycle,1074.115,1013.186,0.196,3.657
P2,335,33500,pedestrian/bicycle,1074.135,1013.549,0.204,3.607
P2,336,33600,pedestrian/bicycle,1074.156,1013.907,0.214,3.558
P2,337,33700,pedestrian/bicycle,1074.178,1014.26,0.228,3.512
P2,338,33800,pedestrian/bicycle,1074.202,1014.61,0.246,3.473
P2,339,33900,pedestrian/bicycle,1074.227,1014.956,0.267,3.445
P2,340,34000,pedestrian/bicycle,1074.255,1015.299,0.289,3.431
P2,341,34100,pedestrian/bicycle,1074.285,1015.642,0.314,3.43
P2,342,34200,pedestrian/bicycle,1074.318,1015.986,0.342,3.44
P2,343,34300,pedestrian/bicycle,1074.354,1016.331,0.371,3.459
P2,344,34400,pedestrian/bicycle,1074.392,1016.678,0.395,3.48
P2,345,34500,pedestrian/bicycle,1074.432,1017.027,0.412,3.496
P2,346,34600,pedestrian/bicycle,1074.474,1017.377,0.422,3.505
P2,347,34700,pedestrian/bicycle,1074.517,1017.727,0.425,3.508
P2,348,34800,pedestrian/bicycle,1074.559,1018.078,0.422,3.508
P2,349,34900,pedestrian/bicycle,1074.601,1018.429,0.411,3.507
P2,350,35000,pedestrian/bicycle,1074.641,1018.78,0.391,3.51
P2,351,35100,pedestrian/bicycle,1074.678,1019.131,0.364,3.514
P2,352,35200,pedestrian/bicycle,1074.713,1019.482,0.333,3.512
P2,353,35300,pedestrian/bicycle,1074.745,1019.832,0.298,3.495
P2,354,35400,pedestrian/bicycle,1074.773,1020.18,0.261,3.461
P2,355,35500,pedestrian/bicycle,1074.797,1020.524,0.223,3.408
P2,356,35600,pedestrian/bicycle,1074.817,1020.861,0.183,3.334
P2,357,35700,pedestrian/bicycle,1074.834,1021.189,0.144,3.239
P2,358,35800,pedestrian/bicycle,1074.846,1021.508,0.111,3.124
P2,359,35900,pedestrian/bicycle,1074.856,1021.813,0.083,2.99
P2,360,36000,pedestrian/bicycle,1074.863,1022.105,0.063,2.844
P2,361,36100,pedestrian/bicycle,1074.869,1022.382,0.05,2.694
P2,362,36200,pedestrian/bicycle,1074.874,1022.644,0.041,2.555
P2,363,36300,pedestrian/bicycle,1074.877,1022.895,0.036,2.449
P2,364,36400,pedestrian/bicycle,1074.881,1023.137,0.033,2.391
P2,365,36500,pedestrian/bicycle,1074.884,1023.375,0.033,2.373
P4,1055,105500,pedestrian/bicycle,994.722,1007.001,1.641,1.412
P4,1056,105600,pedestrian/bicycle,994.884,1007.139,1.603,1.355
P4,1057,105700,pedestrian/bicycle,995.042,1007.272,1.565,1.295
P4,1058,105800,pedestrian/bicycle,995.197,1007.398,1.528,1.228
P4,1059,105900,pedestrian/bicycle,995.348,1007.518,1.497,1.161
P4,1060,106000,pedestrian/bicycle,995.497,1007.631,1.476,1.101
P4,1061,106100,pedestrian/bicycle,995.644,1007.738,1.462,1.052
P4,1062,106200,pedestrian/bicycle,995.789,1007.842,1.453,1.013
P4,1063,106300,pedestrian/bicycle,995.935,1007.941,1.45,0.98
P4,1064,106400,pedestrian/bicycle,996.08,1008.038,1.45,0.955
P4,1065,106500,pedestrian/bicycle,996.225,1008.133,1.452,0.934
P4,1066,106600,pedestrian/bicycle,996.37,1008.225,1.454,0.916
P4,1067,106700,pedestrian/bicycle,996.515,1008.316,1.456,0.899
P4,1068,106800,pedestrian/bicycle,996.661,1008.405,1.465,0.886
P4,1069,106900,pedestrian/bicycle,996.809,1008.493,1.488,0.875
P4,1070,107000,pedestrian/bicycle,996.96,1008.58,1.524,0.865
P4,1071,107100,pedestrian/bicycle,997.114,1008.666,1.564,0.861
P4,1072,107200,pedestrian/bicycle,997.272,1008.753,1.598,0.865
P4,1073,107300,pedestrian/bicycle,997.433,1008.84,1.617,0.875
P4,1074,107400,pedestrian/bicycle,997.595,1008.928,1.622,0.889
P4,1075,107500,pedestrian/bicycle,997.757,1009.018,1.616,0.904
P4,1076,107600,pedestrian/bicycle,997.918,1009.109,1.604,0.921
P4,1077,107700,pedestrian/bicycle,998.077,1009.202,1.588,0.937
P4,1078,107800,pedestrian/bicycle,998.235,1009.296,1.571,0.953
P4,1079,107900,pedestrian/bicycle,998.392,1009.392,1.551,0.97
P4,1080,108000,pedestrian/bicycle,998.546,1009.49,1.529,0.988
P4,1081,108100,pedestrian/bicycle,998.697,1009.59,1.505,1.004
P4,1082,108200,pedestrian/bicycle,998.846,1009.691,1.48,1.015
P4,1083,108300,pedestrian/bicycle,998.993,1009.793,1.455,1.022
P4,1084,108400,pedestrian/bicycle,999.137,1009.895,1.425,1.025
P4,1085,108500,pedestrian/bicycle,999.278,1009.998,1.38,1.028
P4,1086,108600,pedestrian/bicycle,999.412,1010.101,1.31,1.037
P4,1087,108700,pedestrian/bicycle,999.539,1010.206,1.235,1.052
P4,1088,108800,pedestrian/bicycle,999.66,1010.312,1.182,1.071
P4,1089,108900,pedestrian/bicycle,999.777,1010.42,1.152,1.096
P4,1090,109000,pedestrian/bicycle,999.892,1010.531,1.144,1.126
P4,1091,109100,pedestrian/bicycle,1000.006,1010.645,1.154,1.161
P4,1092,109200,pedestrian/bicycle,1000.123,1010.763,1.174,1.197
P4,1093,109300,pedestrian/bicycle,1000.241,1010.885,1.191,1.232
P4,1094,109400,pedestrian/bicycle,1000.361,1011.009,1.2,1.255
P4,1095,109500,pedestrian/bicycle,1000.481,1011.135,1.203,1.267
P4,1096,109600,pedestrian/bicycle,1000.601,1011.262,1.196,1.273
P4,1097,109700,pedestrian/bicycle,1000.72,1011.39,1.182,1.277
P4,1098,109800,pedestrian/bicycle,1000.837,1011.518,1.166,1.281
P4,1099,109900,pedestrian/bicycle,1000.953,1011.646,1.151,1.287
P4,1100,110000,pedestrian/bicycle,1001.067,1011.775,1.137,1.299
P4,1101,110100,pedestrian/bicycle,1001.18,1011.906,1.124,1.319
P4,1102,110200,pedestrian/bicycle,1001.292,1012.04,1.109,1.347
P4,1103,110300,pedestrian/bicycle,1001.402,1012.176,1.088,1.375
P4,1104,110400,pedestrian/bicycle,1001.509,1012.314,1.06,1.399
P4,1105,110500,pedestrian/bicycle,1001.614,1012.455,1.027,1.417
P4,1106,110600,pedestrian/bicycle,1001.715,1012.598,0.992,1.431
P4,1107,110700,pedestrian/bicycle,1001.812,1012.741,0.956,1.442
P4,1108,110800,pedestrian/bicycle,1001.906,1012.886,0.924,1.449
P4,1109,110900,pedestrian/bicycle,1001.997,1013.031,0.902,1.45
P4,1110,111000,pedestrian/bicycle,1002.087,1013.175,0.894,1.444
P4,1111,111100,pedestrian/bicycle,1002.177,1013.319,0.897,1.434
P4,1112,111200,pedestrian/bicycle,1002.267,1013.462,0.908,1.419
P4,1113,111300,pedestrian/bicycle,1002.359,1013.603,0.924,1.405
P4,1114,111400,pedestrian/bicycle,1002.452,1013.743,0.939,1.392
P4,1115,111500,pedestrian/bicycle,1002.546,1013.882,0.95,1.381
P4,1116,111600,pedestrian/bicycle,1002.642,1014.019,0.958,1.375
P4,1117,111700,pedestrian/bicycle,1002.738,1014.157,0.967,1.377
P4,1118,111800,pedestrian/bicycle,1002.835,1014.295,0.977,1.384
P4,1119,111900,pedestrian/bicycle,1002.934,1014.434,0.993,1.387
P4,1120,112000,pedestrian/bicycle,1003.034,1014.572,1.015,1.383
P4,1121,112100,pedestrian/bicycle,1003.137,1014.71,1.042,1.377
P4,1122,112200,pedestrian/bicycle,1003.243,1014.847,1.072,1.371
P4,1123,112300,pedestrian/bicycle,1003.351,1014.984,1.104,1.363
P4,1124,112400,pedestrian/bicycle,1003.463,1015.12,1.135,1.348
P4,1125,112500,pedestrian/bicycle,1003.578,1015.253,1.162,1.323
P4,1126,112600,pedestrian/bicycle,1003.695,1015.384,1.182,1.291
P4,1127,112700,pedestrian/bicycle,1003.814,1015.511,1.19,1.258
P4,1128,112800,pedestrian/bicycle,1003.933,1015.636,1.188,1.226
P4,1129,112900,pedestrian/bicycle,1004.051,1015.756,1.179,1.193
P4,1130,113000,pedestrian/bicycle,1004.169,1015.874,1.169,1.162
P4,1131,113100,pedestrian/bicycle,1004.285,1015.989,1.162,1.137
P4,1132,113200,pedestrian/bicycle,1004.401,1016.102,1.156,1.117
P4,1133,113300,pedestrian/bicycle,1004.516,1016.213,1.151,1.101
P4,1134,113400,pedestrian/bicycle,1004.631,1016.322,1.145,1.087
P4,1135,113500,pedestrian/bicycle,1004.746,1016.43,1.142,1.071
P4,1136,113600,pedestrian/bicycle,1004.86,1016.536,1.143,1.057
P4,1137,113700,pedestrian/bicycle,1004.974,1016.642,1.147,1.051
P4,1138,113800,pedestrian/bicycle,1005.09,1016.747,1.158,1.06
P4,1139,113900,pedestrian/bicycle,1005.206,1016.854,1.177,1.081
P4,1140,114000,pedestrian/bicycle,1005.325,1016.964,1.195,1.105
P4,1141,114100,pedestrian/bicycle,1005.444,1017.075,1.194,1.115
P4,1142,114200,pedestrian/bicycle,1005.562,1017.186,1.165,1.104
P4,1143,114300,pedestrian/bicycle,1005.676,1017.295,1.116,1.081
P4,1144,114400,pedestrian/bicycle,1005.785,1017.402,1.055,1.051
P4,1145,114500,pedestrian/bicycle,1005.887,1017.505,0.988,1.015
P4,1146,114600,pedestrian/bicycle,1005.983,1017.604,0.927,0.976
P4,1147,114700,pedestrian/bicycle,1006.073,1017.7,0.883,0.943
P4,1148,114800,pedestrian/bicycle,1006.16,1017.794,0.859,0.924
P4,1149,114900,pedestrian/bicycle,1006.246,1017.886,0.852,0.918
P5,1061,106100,pedestrian/bicycle,984.718,993.678,-0.292,-1.37
P5,1062,106200,pedestrian/bicycle,984.691,993.539,-0.256,-1.403
P5,1063,106300,pedestrian/bicycle,984.667,993.397,-0.22,-1.437
P5,1064,106400,pedestrian/bicycle,984.647,993.252,-0.184,-1.468
P5,1065,106500,pedestrian/bicycle,984.63,993.103,-0.15,-1.498
P5,1066,106600,pedestrian/bicycle,984.616,992.952,-0.117,-1.525
P5,1067,106700,pedestrian/bicycle,984.606,992.799,-0.084,-1.545
P5,1068,106800,pedestrian/bicycle,984.6,992.644,-0.045,-1.553
P5,1069,106900,pedestrian/bicycle,984.598,992.489,0.002,-1.552
P5,1070,107000,pedestrian/bicycle,984.601,992.334,0.055,-1.547
P5,1071,107100,pedestrian/bicycle,984.609,992.179,0.111,-1.545
P5,1072,107200,pedestrian/bicycle,984.623,992.025,0.163,-1.545
P5,1073,107300,pedestrian/bicycle,984.641,991.87,0.207,-1.546
P5,1074,107400,pedestrian/bicycle,984.664,991.715,0.241,-1.549
P5,1075,107500,pedestrian/bicycle,984.689,991.56,0.263,-1.562
P5,1076,107600,pedestrian/bicycle,984.716,991.402,0.28,-1.592
P5,1077,107700,pedestrian/bicycle,984.745,991.241,0.292,-1.639
P5,1078,107800,pedestrian/bicycle,984.774,991.074,0.3,-1.696
P5,1079,107900,pedestrian/bicycle,984.804,990.902,0.299,-1.746
P5,1080,108000,pedestrian/bicycle,984.833,990.727,0.284,-1.753
P5,1081,108100,pedestrian/bicycle,984.861,990.553,0.259,-1.715
P5,1082,108200,pedestrian/bicycle,984.885,990.385,0.235,-1.659
P5,1083,108300,pedestrian/bicycle,984.908,990.221,0.212,-1.605
P5,1084,108400,pedestrian/bicycle,984.928,990.063,0.19,-1.565
P5,1085,108500,pedestrian/bicycle,984.946,989.907,0.178,-1.547
P5,1086,108600,pedestrian/bicycle,984.963,989.752,0.169,-1.552
P5,1087,108700,pedestrian/bicycle,984.98,989.596,0.167,-1.57
P5,1088,108800,pedestrian/bicycle,984.997,989.438,0.176,-1.591
P5,1089,108900,pedestrian/bicycle,985.016,989.278,0.198,-1.611
P5,1090,109000,pedestrian/bicycle,985.038,989.116,0.23,-1.632
P5,1091,109100,pedestrian/bicycle,985.063,988.952,0.271,-1.656
P5,1092,109200,pedestrian/bicycle,985.092,988.785,0.314,-1.678
P5,1093,109300,pedestrian/bicycle,985.125,988.617,0.351,-1.689
P5,1094,109400,pedestrian/bicycle,985.161,988.448,0.367,-1.68
P5,1095,109500,pedestrian/bicycle,985.197,988.281,0.355,-1.658
P5,1096,109600,pedestrian/bicycle,985.231,988.117,0.328,-1.633
P5,1097,109700,pedestrian/bicycle,985.263,987.954,0.296,-1.614
P5,1098,109800,pedestrian/bicycle,985.291,987.794,0.265,-1.594
P5,1099,109900,pedestrian/bicycle,985.316,987.636,0.239,-1.568
P5,1100,110000,pedestrian/bicycle,985.339,987.48,0.22,-1.541
P5,1101,110100,pedestrian/bicycle,985.36,987.327,0.21,-1.518
P5,1102,110200,pedestrian/bicycle,985.381,987.177,0.209,-1.5
P5,1103,110300,pedestrian/bicycle,985.403,987.027,0.217,-1.491
P5,1104,110400,pedestrian/bicycle,985.425,986.878,0.231,-1.492
P5,1105,110500,pedestrian/bicycle,985.449,986.728,0.248,-1.504
P5,1106,110600,pedestrian/bicycle,985.474,986.577,0.261,-1.525
P5,1107,110700,pedestrian/bicycle,985.501,986.423,0.263,-1.548
P5,1108,110800,pedestrian/bicycle,985.526,986.268,0.251,-1.559
P5,1109,110900,pedestrian/bicycle,985.55,986.112,0.233,-1.548
P5,1110,111000,pedestrian/bicycle,985.572,985.959,0.208,-1.512
P5,1111,111100,pedestrian/bicycle,985.592,985.811,0.177,-1.46
P5,1112,111200,pedestrian/bicycle,985.608,985.667,0.144,-1.409
P5,1113,111300,pedestrian/bicycle,985.621,985.528,0.127,-1.376
P5,1114,111400,pedestrian/bicycle,985.634,985.391,0.13,-1.362
P5,1115,111500,pedestrian/bicycle,985.648,985.255,0.155,-1.359
P5,1116,111600,pedestrian/bicycle,985.666,985.119,0.201,-1.361
P5,1117,111700,pedestrian/bicycle,985.689,984.983,0.262,-1.367
P5,1118,111800,pedestrian/bicycle,985.719,984.846,0.331,-1.371
P5,1119,111900,pedestrian/bicycle,985.755,984.709,0.393,-1.366
P5,1120,112000,pedestrian/bicycle,985.796,984.573,0.433,-1.345
P5,1121,112100,pedestrian/bicycle,985.841,984.441,0.451,-1.308
P5,1122,112200,pedestrian/bicycle,985.886,984.312,0.454,-1.269
P5,1123,112300,pedestrian/bicycle,985.931,984.186,0.45,-1.238
P5,1124,112400,pedestrian/bicycle,985.976,984.064,0.445,-1.22
P5,1125,112500,pedestrian/bicycle,986.02,983.942,0.437,-1.217
P5,1126,112600,pedestrian/bicycle,986.063,983.82,0.424,-1.225
P5,1127,112700,pedestrian/bicycle,986.105,983.697,0.411,-1.237
P5,1128,112800,pedestrian/bicycle,986.145,983.572,0.404,-1.254
P5,1129,112900,pedestrian/bicycle,986.186,983.446,0.401,-1.273
P5,1130,113000,pedestrian/bicycle,986.226,983.318,0.399,-1.289
P5,1131,113100,pedestrian/bicycle,986.266,983.188,0.4,-1.297
P5,1132,113200,pedestrian/bicycle,986.306,983.058,0.409,-1.299
P5,1133,113300,pedestrian/bicycle,986.348,982.929,0.422,-1.296
P5,1134,113400,pedestrian/bicycle,986.391,982.799,0.441,-1.293
P5,1135,113500,pedestrian/bicycle,986.436,982.67,0.47,-1.298
P5,1136,113600,pedestrian/bicycle,986.486,982.539,0.514,-1.316
P5,1137,113700,pedestrian/bicycle,986.54,982.406,0.576,-1.341
P5,1138,113800,pedestrian/bicycle,986.601,982.271,0.649,-1.368
P5,1139,113900,pedestrian/bicycle,986.669,982.133,0.715,-1.395
P5,1140,114000,pedestrian/bicycle,986.743,981.992,0.761,-1.414
P5,1141,114100,pedestrian/bicycle,986.821,981.851,0.791,-1.414
P5,1142,114200,pedestrian/bicycle,986.901,981.71,0.812,-1.395
P5,1143,114300,pedestrian/bicycle,986.983,981.572,0.831,-1.364
P5,1144,114400,pedestrian/bicycle,987.067,981.438,0.851,-1.324
P5,1145,114500,pedestrian/bicycle,987.154,981.308,0.874,-1.279
P5,1146,114600,pedestrian/bicycle,987.242,981.182,0.897,-1.231
P5,1147,114700,pedestrian/bicycle,987.332,981.062,0.908,-1.186
P5,1148,114800,pedestrian/bicycle,987.423,980.945,0.896,-1.147
P5,1149,114900,pedestrian/bicycle,987.511,980.832,0.867,-1.113
P5,1150,115000,pedestrian/bicycle,987.595,980.722,0.824,-1.083
P5,1151,115100,pedestrian/bicycle,987.675,980.615,0.776,-1.05
P5,1152,115200,pedestrian/bicycle,987.751,980.512,0.733,-1.012
P5,1153,115300,pedestrian/bicycle,987.822,980.413,0.689,-0.97
P5,1154,115400,pedestrian/bicycle,987.889,980.318,0.651,-0.926
P5,1155,115500,pedestrian/bicycle,987.953,980.228,0.629,-0.883
P5,1156,115600,pedestrian/bicycle,988.015,980.142,0.625,-0.843
P5,1157,115700,pedestrian/bicycle,988.079,980.059,0.639,-0.81
P5,1158,115800,pedestrian/bicycle,988.144,979.979,0.663,-0.785
P5,1159,115900,pedestrian/bicycle,988.211,979.902,0.685,-0.76
P5,1160,116000,pedestrian/bicycle,988.28,979.827,0.696,-0.732
P5,1161,116100,pedestrian/bicycle,988.35,979.756,0.695,-0.702
P5,1162,116200,pedestrian/bicycle,988.419,979.687,0.687,-0.678
P5,1163,116300,pedestrian/bicycle,988.487,979.619,0.68,-0.664
P5,1164,116400,pedestrian/bicycle,988.555,979.553,0.677,-0.66
P3,305,30500,pedestrian/bicycle,987.461,998.602,1.083,0.093
P3,306,30600,pedestrian/bicycle,987.57,998.608,1.081,0.025
P3,307,30700,pedestrian/bicycle,987.678,998.607,1.08,-0.041
P3,308,30800,pedestrian/bicycle,987.786,998.6,1.083,-0.104
P3,309,30900,pedestrian/bicycle,987.894,998.587,1.09,-0.16
P3,310,31000,pedestrian/bicycle,988.004,998.569,1.098,-0.204
P3,311,31100,pedestrian/bicycle,988.114,998.547,1.108,-0.236
P3,312,31200,pedestrian/bicycle,988.226,998.522,1.12,-0.254
P3,313,31300,pedestrian/bicycle,988.338,998.496,1.134,-0.263
P3,314,31400,pedestrian/bicycle,988.453,998.47,1.15,-0.263
P3,315,31500,pedestrian/bicycle,988.568,998.444,1.162,-0.255
P3,316,31600,pedestrian/bicycle,988.684,998.419,1.166,-0.245
P3,317,31700,pedestrian/bicycle,988.801,998.395,1.161,-0.234
P3,318,31800,pedestrian/bicycle,988.916,998.372,1.151,-0.225
P3,319,31900,pedestrian/bicycle,989.031,998.35,1.138,-0.218
P3,320,32000,pedestrian/bicycle,989.144,998.329,1.123,-0.212
P3,321,32100,pedestrian/bicycle,989.255,998.308,1.105,-0.204
P3,322,32200,pedestrian/bicycle,989.365,998.288,1.088,-0.195
P3,323,32300,pedestrian/bicycle,989.473,998.269,1.071,-0.187
P3,324,32400,pedestrian/bicycle,989.58,998.25,1.059,-0.18
P3,325,32500,pedestrian/bicycle,989.685,998.233,1.048,-0.178
P3,326,32600,pedestrian/bicycle,989.789,998.214,1.037,-0.184
P3,327,32700,pedestrian/bicycle,989.892,998.196,1.028,-0.195
P3,328,32800,pedestrian/bicycle,989.995,998.175,1.023,-0.208
P3,329,32900,pedestrian/bicycle,990.097,998.154,1.02,-0.224
P3,330,33000,pedestrian/bicycle,990.199,998.131,1.017,-0.239
P3,331,33100,pedestrian/bicycle,990.3,998.106,1.012,-0.252
P3,332,33200,pedestrian/bicycle,990.401,998.08,1.01,-0.261
P3,333,33300,pedestrian/bicycle,990.502,998.054,1.01,-0.266
P3,334,33400,pedestrian/bicycle,990.603,998.027,1.01,-0.269
P3,335,33500,pedestrian/bicycle,990.704,998,1.007,-0.271
P3,336,33600,pedestrian/bicycle,990.805,997.973,1,-0.274
P3,337,33700,pedestrian/bicycle,990.904,997.945,0.99,-0.278
P3,338,33800,pedestrian/bicycle,991.003,997.917,0.982,-0.282
P3,339,33900,pedestrian/bicycle,991.101,997.889,0.981,-0.287
P3,340,34000,pedestrian/bicycle,991.199,997.86,0.985,-0.29
P3,341,34100,pedestrian/bicycle,991.298,997.831,0.991,-0.293
P3,342,34200,pedestrian/bicycle,991.397,997.802,1,-0.295
P3,343,34300,pedestrian/bicycle,991.498,997.772,1.011,-0.296
P3,344,34400,pedestrian/bicycle,991.6,997.742,1.024,-0.298
P3,345,34500,pedestrian/bicycle,991.703,997.712,1.035,-0.301
P3,346,34600,pedestrian/bicycle,991.807,997.682,1.04,-0.306
P3,347,34700,pedestrian/bicycle,991.911,997.651,1.039,-0.311
P3,348,34800,pedestrian/bicycle,992.014,997.62,1.035,-0.316
P3,349,34900,pedestrian/bicycle,992.118,997.588,1.032,-0.322
P3,350,35000,pedestrian/bicycle,992.221,997.555,1.028,-0.328
P3,351,35100,pedestrian/bicycle,992.323,997.522,1.022,-0.33
P3,352,35200,pedestrian/bicycle,992.425,997.49,1.015,-0.326
P3,353,35300,pedestrian/bicycle,992.526,997.457,1.005,-0.316
P3,354,35400,pedestrian/bicycle,992.626,997.427,0.997,-0.299
P3,355,35500,pedestrian/bicycle,992.725,997.398,0.992,-0.278
P3,356,35600,pedestrian/bicycle,992.825,997.371,0.993,-0.254
P3,357,35700,pedestrian/bicycle,992.924,997.347,1,-0.232
P3,358,35800,pedestrian/bicycle,993.025,997.325,1.011,-0.215
P3,359,35900,pedestrian/bicycle,993.127,997.304,1.023,-0.203
P3,360,36000,pedestrian/bicycle,993.229,997.284,1.033,-0.197
P3,361,36100,pedestrian/bicycle,993.333,997.264,1.043,-0.195
P3,362,36200,pedestrian/bicycle,993.438,997.244,1.053,-0.195
P3,363,36300,pedestrian/bicycle,993.544,997.225,1.065,-0.194
P3,364,36400,pedestrian/bicycle,993.651,997.206,1.079,-0.192
P3,365,36500,pedestrian/bicycle,993.76,997.187,1.095,-0.188
P3,366,36600,pedestrian/bicycle,993.87,997.168,1.109,-0.183
P3,367,36700,pedestrian/bicycle,993.982,997.15,1.122,-0.177
P3,368,36800,pedestrian/bicycle,994.094,997.133,1.135,-0.167
P3,369,36900,pedestrian/bicycle,994.209,997.117,1.148,-0.155
P3,370,37000,pedestrian/bicycle,994.324,997.102,1.159,-0.143
P3,371,37100,pedestrian/bicycle,994.44,997.088,1.167,-0.134
P3,372,37200,pedestrian/bicycle,994.557,997.075,1.174,-0.125
P3,373,37300,pedestrian/bicycle,994.675,997.063,1.183,-0.117
P3,374,37400,pedestrian/bicycle,994.794,997.052,1.192,-0.109
P3,375,37500,pedestrian/bicycle,994.913,997.041,1.201,-0.103
P3,376,37600,pedestrian/bicycle,995.034,997.031,1.211,-0.098
P3,377,37700,pedestrian/bicycle,995.156,997.021,1.219,-0.094
P3,378,37800,pedestrian/bicycle,995.278,997.012,1.227,-0.092
P3,379,37900,pedestrian/bicycle,995.401,997.003,1.233,-0.091
P3,380,38000,pedestrian/bicycle,995.524,996.994,1.236,-0.091
P3,381,38100,pedestrian/bicycle,995.648,996.985,1.235,-0.091
P3,382,38200,pedestrian/bicycle,995.771,996.975,1.233,-0.091
P3,383,38300,pedestrian/bicycle,995.894,996.966,1.23,-0.09
P3,384,38400,pedestrian/bicycle,996.017,996.958,1.229,-0.087
P3,385,38500,pedestrian/bicycle,996.14,996.949,1.226,-0.085
P3,386,38600,pedestrian/bicycle,996.263,996.941,1.22,-0.082
P3,387,38700,pedestrian/bicycle,996.384,996.933,1.212,-0.074
P3,388,38800,pedestrian/bicycle,996.505,996.926,1.201,-0.064
P3,389,38900,pedestrian/bicycle,996.624,996.92,1.192,-0.053
P3,390,39000,pedestrian/bicycle,996.743,996.915,1.188,-0.041
P3,391,39100,pedestrian/bicycle,996.862,996.912,1.19,-0.028
P3,392,39200,pedestrian/bicycle,996.982,996.91,1.198,-0.011
P3,393,39300,pedestrian/bicycle,997.102,996.91,1.213,0.007
P3,394,39400,pedestrian/bicycle,997.225,996.912,1.233,0.028
P3,395,39500,pedestrian/bicycle,997.349,996.916,1.252,0.051
P3,396,39600,pedestrian/bicycle,997.475,996.922,1.264,0.074
P3,397,39700,pedestrian/bicycle,997.601,996.93,1.266,0.098
P3,398,39800,pedestrian/bicycle,997.727,996.942,1.259,0.125
P3,399,39900,pedestrian/bicycle,997.852,996.955,1.244,0.153
P3,400,40000,pedestrian/bicycle,997.976,996.972,1.224,0.177
P3,401,40100,pedestrian/bicycle,998.097,996.991,1.201,0.198
P3,402,40200,pedestrian/bicycle,998.216,997.011,1.177,0.218
P3,403,40300,pedestrian/bicycle,998.332,997.034,1.154,0.237
P3,404,40400,pedestrian/bicycle,998.447,997.059,1.135,0.254
P3,405,40500,pedestrian/bicycle,998.56,997.085,1.121,0.272
P3,406,40600,pedestrian/bicycle,998.671,997.113,1.107,0.288
P3,407,40700,pedestrian/bicycle,998.781,997.143,1.093,0.303
P3,408,40800,pedestrian/bicycle,998.89,997.173,1.078,0.316
P3,409,40900,pedestrian/bicycle,998.997,997.206,1.061,0.327
P3,410,41000,pedestrian/bicycle,999.102,997.239,1.044,0.336
P3,411,41100,pedestrian/bicycle,999.205,997.273,1.027,0.342
P3,412,41200,pedestrian/bicycle,999.307,997.307,1.01,0.35
P3,413,41300,pedestrian/bicycle,999.408,997.343,0.997,0.362
P3,414,41400,pedestrian/bicycle,999.507,997.38,0.989,0.377
P3,415,41500,pedestrian/bicycle,999.606,997.419,0.985,0.397
P3,416,41600,pedestrian/bicycle,999.704,997.459,0.984,0.421
P3,417,41700,pedestrian/bicycle,999.803,997.503,0.985,0.443
P3,418,41800,pedestrian/bicycle,999.901,997.548,0.992,0.46
P3,419,41900,pedestrian/bicycle,1000.001,997.594,1.001,0.469
P3,420,42000,pedestrian/bicycle,1000.102,997.641,1.01,0.47
P3,421,42100,pedestrian/bicycle,1000.203,997.688,1.017,0.465
P3,422,42200,pedestrian/bicycle,1000.305,997.734,1.019,0.458
P3,423,42300,pedestrian/bicycle,1000.406,997.78,1.016,0.454
P3,424,42400,pedestrian/bicycle,1000.508,997.825,1.011,0.454
P3,425,42500,pedestrian/bicycle,1000.609,997.871,1.008,0.458
P3,426,42600,pedestrian/bicycle,1000.709,997.917,1.003,0.469
P3,427,42700,pedestrian/bicycle,1000.809,997.965,0.997,0.485
P3,428,42800,pedestrian/bicycle,1000.908,998.014,0.99,0.504
P3,429,42900,pedestrian/bicycle,1001.007,998.065,0.983,0.524
P3,430,43000,pedestrian/bicycle,1001.105,998.119,0.975,0.541
P3,431,43100,pedestrian/bicycle,1001.202,998.173,0.962,0.552
P3,432,43200,pedestrian/bicycle,1001.297,998.229,0.946,0.561
P3,433,43300,pedestrian/bicycle,1001.391,998.286,0.928,0.571
P3,434,43400,pedestrian/bicycle,1001.483,998.343,0.91,0.585
P3,435,43500,pedestrian/bicycle,1001.573,998.403,0.892,0.602
P3,436,43600,pedestrian/bicycle,1001.661,998.464,0.875,0.623
P3,437,43700,pedestrian/bicycle,1001.748,998.527,0.858,0.645
P3,438,43800,pedestrian/bicycle,1001.833,998.593,0.84,0.668
P3,439,43900,pedestrian/bicycle,1001.916,998.661,0.821,0.686
P3,440,44000,pedestrian/bicycle,1001.997,998.73,0.799,0.695
P3,441,44100,pedestrian/bicycle,1002.075,998.799,0.774,0.695
P3,442,44200,pedestrian/bicycle,1002.151,998.868,0.746,0.689
P3,443,44300,pedestrian/bicycle,1002.224,998.937,0.716,0.682
P3,444,44400,pedestrian/bicycle,1002.295,999.005,0.685,0.677
P3,445,44500,pedestrian/bicycle,1002.362,999.073,0.657,0.68
P3,446,44600,pedestrian/bicycle,1002.426,999.141,0.631,0.692
P3,447,44700,pedestrian/bicycle,1002.488,999.212,0.608,0.714
P3,448,44800,pedestrian/bicycle,1002.548,999.285,0.586,0.744
P3,449,44900,pedestrian/bicycle,1002.605,999.361,0.568,0.775
P3,450,45000,pedestrian/bicycle,1002.662,999.439,0.556,0.802
P3,451,45100,pedestrian/bicycle,1002.717,999.521,0.545,0.824
P3,452,45200,pedestrian/bicycle,1002.771,999.604,0.534,0.837
P3,453,45300,pedestrian/bicycle,1002.823,999.688,0.519,0.843
P3,454,45400,pedestrian/bicycle,1002.874,999.772,0.503,0.848
P3,455,45500,pedestrian/bicycle,1002.924,999.857,0.488,0.854
P3,456,45600,pedestrian/bicycle,1002.972,999.943,0.473,0.859
P3,457,45700,pedestrian/bicycle,1003.018,1000.029,0.458,0.866
P3,458,45800,pedestrian/bicycle,1003.064,1000.116,0.446,0.878
P3,459,45900,pedestrian/bicycle,1003.108,1000.205,0.434,0.894
P3,460,46000,pedestrian/bicycle,1003.15,1000.295,0.424,0.912
P3,461,46100,pedestrian/bicycle,1003.192,1000.387,0.415,0.925
P3,462,46200,pedestrian/bicycle,1003.233,1000.48,0.404,0.931
P3,463,46300,pedestrian/bicycle,1003.273,1000.573,0.39,0.93
P3,464,46400,pedestrian/bicycle,1003.311,1000.666,0.374,0.921
P3,465,46500,pedestrian/bicycle,1003.348,1000.757,0.359,0.909
P3,466,46600,pedestrian/bicycle,1003.383,1000.848,0.343,0.896
P3,467,46700,pedestrian/bicycle,1003.417,1000.936,0.327,0.882
P3,468,46800,pedestrian/bicycle,1003.449,1001.024,0.313,0.868
P3,469,46900,pedestrian/bicycle,1003.479,1001.11,0.299,0.856
P3,470,47000,pedestrian/bicycle,1003.508,1001.195,0.284,0.848
P3,471,47100,pedestrian/bicycle,1003.536,1001.28,0.264,0.844
P3,472,47200,pedestrian/bicycle,1003.561,1001.364,0.239,0.839
P3,473,47300,pedestrian/bicycle,1003.583,1001.448,0.208,0.832
P3,474,47400,pedestrian/bicycle,1003.602,1001.53,0.17,0.824
P3,475,47500,pedestrian/bicycle,1003.617,1001.612,0.126,0.815
P3,476,47600,pedestrian/bicycle,1003.627,1001.694,0.078,0.81
P3,477,47700,pedestrian/bicycle,1003.632,1001.775,0.026,0.811
P3,478,47800,pedestrian/bicycle,1003.632,1001.856,-0.03,0.82
P3,479,47900,pedestrian/bicycle,1003.626,1001.939,-0.09,0.837
P3,480,48000,pedestrian/bicycle,1003.614,1002.024,-0.15,0.86
P3,481,48100,pedestrian/bicycle,1003.596,1002.112,-0.202,0.89
P3,482,48200,pedestrian/bicycle,1003.574,1002.203,-0.242,0.93
P3,483,48300,pedestrian/bicycle,1003.549,1002.298,-0.271,0.979
P3,484,48400,pedestrian/bicycle,1003.521,1002.399,-0.29,1.036
P3,485,48500,pedestrian/bicycle,1003.491,1002.505,-0.303,1.092
P3,486,48600,pedestrian/bicycle,1003.46,1002.617,-0.312,1.143
P3,487,48700,pedestrian/bicycle,1003.428,1002.733,-0.321,1.182
P3,488,48800,pedestrian/bicycle,1003.396,1002.853,-0.329,1.206
P3,489,48900,pedestrian/bicycle,1003.363,1002.974,-0.338,1.218
P3,490,49000,pedestrian/bicycle,1003.329,1003.096,-0.345,1.222
P3,491,49100,pedestrian/bicycle,1003.294,1003.218,-0.351,1.223
P3,492,49200,pedestrian/bicycle,1003.258,1003.34,-0.356,1.222
P3,493,49300,pedestrian/bicycle,1003.223,1003.462,-0.355,1.223
P3,494,49400,pedestrian/bicycle,1003.188,1003.585,-0.344,1.225
P3,495,49500,pedestrian/bicycle,1003.154,1003.707,-0.326,1.227
P3,496,49600,pedestrian/bicycle,1003.123,1003.83,-0.306,1.231
P3,497,49700,pedestrian/bicycle,1003.093,1003.954,-0.287,1.236
P3,498,49800,pedestrian/bicycle,1003.066,1004.078,-0.266,1.242
P3,499,49900,pedestrian/bicycle,1003.04,1004.202,-0.242,1.247
P3,500,50000,pedestrian/bicycle,1003.018,1004.327,-0.209,1.256
P3,501,50100,pedestrian/bicycle,1002.999,1004.453,-0.169,1.266
P3,502,50200,pedestrian/bicycle,1002.984,1004.58,-0.123,1.275
P3,503,50300,pedestrian/bicycle,1002.974,1004.708,-0.074,1.28
P3,504,50400,pedestrian/bicycle,1002.969,1004.836,-0.027,1.284
P3,505,50500,pedestrian/bicycle,1002.969,1004.965,0.016,1.287
P3,506,50600,pedestrian/bicycle,1002.972,1005.094,0.052,1.29
P3,507,50700,pedestrian/bicycle,1002.979,1005.223,0.08,1.293
P3,508,50800,pedestrian/bicycle,1002.988,1005.352,0.101,1.294
P3,509,50900,pedestrian/bicycle,1002.999,1005.482,0.121,1.295
P3,510,51000,pedestrian/bicycle,1003.012,1005.611,0.141,1.295
P3,511,51100,pedestrian/bicycle,1003.027,1005.741,0.159,1.295
P3,512,51200,pedestrian/bicycle,1003.044,1005.87,0.176,1.294
P3,513,51300,pedestrian/bicycle,1003.062,1006,0.192,1.291
P3,514,51400,pedestrian/bicycle,1003.082,1006.128,0.203,1.286
P3,515,51500,pedestrian/bicycle,1003.102,1006.257,0.208,1.282
P3,516,51600,pedestrian/bicycle,1003.123,1006.385,0.208,1.282
P3,517,51700,pedestrian/bicycle,1003.144,1006.513,0.206,1.288
P3,518,51800,pedestrian/bicycle,1003.164,1006.643,0.207,1.3
P3,519,51900,pedestrian/bicycle,1003.185,1006.774,0.213,1.318
P3,520,52000,pedestrian/bicycle,1003.207,1006.907,0.219,1.342
P3,521,52100,pedestrian/bicycle,1003.229,1007.042,0.225,1.368
P3,522,52200,pedestrian/bicycle,1003.252,1007.18,0.232,1.389
P3,523,52300,pedestrian/bicycle,1003.276,1007.32,0.239,1.401
P3,524,52400,pedestrian/bicycle,1003.3,1007.46,0.244,1.402
P3,525,52500,pedestrian/bicycle,1003.324,1007.599,0.248,1.39
P3,526,52600,pedestrian/bicycle,1003.35,1007.737,0.255,1.37
P3,527,52700,pedestrian/bicycle,1003.375,1007.873,0.263,1.347
P3,528,52800,pedestrian/bicycle,1003.402,1008.007,0.269,1.325
P3,529,52900,pedestrian/bicycle,1003.429,1008.138,0.271,1.307
P3,530,53000,pedestrian/bicycle,1003.456,1008.268,0.271,1.291
P3,531,53100,pedestrian/bicycle,1003.483,1008.397,0.27,1.279
P3,532,53200,pedestrian/bicycle,1003.51,1008.524,0.269,1.272
P3,533,53300,pedestrian/bicycle,1003.537,1008.651,0.267,1.272
P3,534,53400,pedestrian/bicycle,1003.564,1008.779,0.265,1.275
P3,535,53500,pedestrian/bicycle,1003.59,1008.907,0.265,1.28
P3,536,53600,pedestrian/bicycle,1003.617,1009.035,0.268,1.285
P3,537,53700,pedestrian/bicycle,1003.644,1009.163,0.273,1.288
P3,538,53800,pedestrian/bicycle,1003.672,1009.292,0.278,1.289
P3,539,53900,pedestrian/bicycle,1003.699,1009.421,0.28,1.286
P3,540,54000,pedestrian/bicycle,1003.727,1009.549,0.277,1.28
P3,541,54100,pedestrian/bicycle,1003.755,1009.677,0.271,1.271
P3,542,54200,pedestrian/bicycle,1003.781,1009.803,0.264,1.258
P3,543,54300,pedestrian/bicycle,1003.807,1009.928,0.256,1.239
P3,544,54400,pedestrian/bicycle,1003.832,1010.051,0.244,1.216
P3,545,54500,pedestrian/bicycle,1003.856,1010.171,0.23,1.192
P3,546,54600,pedestrian/bicycle,1003.879,1010.289,0.219,1.171
P3,547,54700,pedestrian/bicycle,1003.9,1010.406,0.212,1.158
P3,548,54800,pedestrian/bicycle,1003.921,1010.521,0.208,1.152
P3,549,54900,pedestrian/bicycle,1003.942,1010.636,0.206,1.152
P3,550,55000,pedestrian/bicycle,1003.962,1010.752,0.204,1.156
P3,551,55100,pedestrian/bicycle,1003.983,1010.868,0.199,1.162
P3,552,55200,pedestrian/bicycle,1004.002,1010.984,0.195,1.166
P3,553,55300,pedestrian/bicycle,1004.022,1011.101,0.194,1.164
P3,554,55400,pedestrian/bicycle,1004.041,1011.217,0.196,1.155
P3,555,55500,pedestrian/bicycle,1004.061,1011.332,0.197,1.143
P3,556,55600,pedestrian/bicycle,1004.08,1011.445,0.195,1.129
P3,557,55700,pedestrian/bicycle,1004.1,1011.557,0.189,1.118
P3,558,55800,pedestrian/bicycle,1004.118,1011.669,0.183,1.111
P3,559,55900,pedestrian/bicycle,1004.136,1011.779,0.179,1.101
P3,560,56000,pedestrian/bicycle,1004.154,1011.889,0.179,1.089
P3,561,56100,pedestrian/bicycle,1004.172,1011.997,0.182,1.077
P3,562,56200,pedestrian/bicycle,1004.191,1012.104,0.187,1.066
P3,563,56300,pedestrian/bicycle,1004.21,1012.21,0.19,1.053
P3,564,56400,pedestrian/bicycle,1004.229,1012.315,0.193,1.039
P3,565,56500,pedestrian/bicycle,1004.248,1012.418,0.193,1.023
P3,566,56600,pedestrian/bicycle,1004.267,1012.52,0.188,1.008
P3,567,56700,pedestrian/bicycle,1004.285,1012.62,0.18,0.996
P3,568,56800,pedestrian/bicycle,1004.303,1012.719,0.169,0.989
P3,569,56900,pedestrian/bicycle,1004.319,1012.818,0.158,0.987
P3,570,57000,pedestrian/bicycle,1004.334,1012.916,0.147,0.986
P3,571,57100,pedestrian/bicycle,1004.349,1013.015,0.138,0.988
P3,572,57200,pedestrian/bicycle,1004.362,1013.114,0.135,0.996
P3,573,57300,pedestrian/bicycle,1004.376,1013.215,0.135,1.014
P3,574,57400,pedestrian/bicycle,1004.389,1013.318,0.137,1.038
P3,575,57500,pedestrian/bicycle,1004.403,1013.422,0.136,1.053
P3,576,57600,pedestrian/bicycle,1004.417,1013.527,0.132,1.055
P3,577,57700,pedestrian/bicycle,1004.43,1013.633,0.129,1.049
P3,578,57800,pedestrian/bicycle,1004.442,1013.737,0.127,1.038
P3,579,57900,pedestrian/bicycle,1004.455,1013.84,0.13,1.024
P3,580,58000,pedestrian/bicycle,1004.469,1013.942,0.136,1.007
P3,581,58100,pedestrian/bicycle,1004.483,1014.041,0.148,0.986
P3,582,58200,pedestrian/bicycle,1004.499,1014.139,0.165,0.965
P3,583,58300,pedestrian/bicycle,1004.516,1014.234,0.187,0.944
P3,584,58400,pedestrian/bicycle,1004.536,1014.328,0.21,0.923
P3,585,58500,pedestrian/bicycle,1004.558,1014.419,0.234,0.904
P3,586,58600,pedestrian/bicycle,1004.583,1014.509,0.253,0.89
P3,587,58700,pedestrian/bicycle,1004.609,1014.597,0.267,0.885
P3,588,58800,pedestrian/bicycle,1004.636,1014.686,0.277,0.884
P3,589,58900,pedestrian/bicycle,1004.664,1014.774,0.285,0.882
P3,590,59000,pedestrian/bicycle,1004.693,1014.862,0.295,0.879
P3,591,59100,pedestrian/bicycle,1004.723,1014.95,0.305,0.871
P3,592,59200,pedestrian/bicycle,1004.753,1015.036,0.302,0.858
P3,593,59300,pedestrian/bicycle,1004.783,1015.121,0.284,0.845
P3,594,59400,pedestrian/bicycle,1004.81,1015.205,0.26,0.835
P3,595,59500,pedestrian/bicycle,1004.834,1015.288,0.235,0.829
P3,596,59600,pedestrian/bicycle,1004.857,1015.371,0.214,0.826
P3,597,59700,pedestrian/bicycle,1004.878,1015.454,0.2,0.83
P3,598,59800,pedestrian/bicycle,1004.897,1015.537,0.194,0.839
P3,599,59900,pedestrian/bicycle,1004.917,1015.622,0.192,0.853
P3,600,60000,pedestrian/bicycle,1004.936,1015.708,0.194,0.87
P3,601,60100,pedestrian/bicycle,1004.956,1015.796,0.201,0.886
P3,602,60200,pedestrian/bicycle,1004.976,1015.885,0.208,0.892
P3,603,60300,pedestrian/bicycle,1004.997,1015.973,0.214,0.882
P3,604,60400,pedestrian/bicycle,1005.019,1016.06,0.22,0.858
P3,605,60500,pedestrian/bicycle,1005.041,1016.145,0.228,0.825
P3,606,60600,pedestrian/bicycle,1005.065,1016.225,0.242,0.792
P3,607,60700,pedestrian/bicycle,1005.09,1016.303,0.258,0.764
P3,608,60800,pedestrian/bicycle,1005.117,1016.379,0.274,0.748
P3,609,60900,pedestrian/bicycle,1005.145,1016.453,0.291,0.744
P3,610,61000,pedestrian/bicycle,1005.175,1016.528,0.31,0.75
P3,611,61100,pedestrian/bicycle,1005.207,1016.604,0.334,0.768
P3,612,61200,pedestrian/bicycle,1005.242,1016.682,0.363,0.8
P3,613,61300,pedestrian/bicycle,1005.28,1016.764,0.396,0.842
P3,614,61400,pedestrian/bicycle,1005.321,1016.851,0.427,0.883
P3,615,61500,pedestrian/bicycle,1005.365,1016.94,0.451,0.912
P3,616,61600,pedestrian/bicycle,1005.411,1017.032,0.469,0.924
P3,617,61700,pedestrian/bicycle,1005.458,1017.124,0.482,0.918
P3,618,61800,pedestrian/bicycle,1005.507,1017.215,0.495,0.899
P3,619,61900,pedestrian/bicycle,1005.558,1017.304,0.51,0.87
P3,620,62000,pedestrian/bicycle,1005.61,1017.389,0.53,0.834
P3,621,62100,pedestrian/bicycle,1005.664,1017.47,0.55,0.8
P3,622,62200,pedestrian/bicycle,1005.719,1017.549,0.566,0.772
P3,623,62300,pedestrian/bicycle,1005.776,1017.625,0.578,0.75
P3,624,62400,pedestrian/bicycle,1005.835,1017.699,0.586,0.731
P3,625,62500,pedestrian/bicycle,1005.893,1017.771,0.585,0.714
P3,626,62600,pedestrian/bicycle,1005.951,1017.842,0.573,0.696
P3,627,62700,pedestrian/bicycle,1006.007,1017.911,0.553,0.678
P3,628,62800,pedestrian/bicycle,1006.062,1017.977,0.529,0.658
P3,629,62900,pedestrian/bicycle,1006.113,1018.042,0.505,0.637
P3,630,63000,pedestrian/bicycle,1006.163,1018.105,0.487,0.617
P3,631,63100,pedestrian/bicycle,1006.211,1018.166,0.476,0.606
P3,632,63200,pedestrian/bicycle,1006.258,1018.226,0.473,0.602
P6,1352,135200,pedestrian/bicycle,1053.944,971.778,-1.567,0.069
P6,1353,135300,pedestrian/bicycle,1053.789,971.784,-1.543,0.05
P6,1354,135400,pedestrian/bicycle,1053.636,971.788,-1.515,0.033
P6,1355,135500,pedestrian/bicycle,1053.486,971.791,-1.483,0.019
P6,1356,135600,pedestrian/bicycle,1053.34,971.792,-1.443,0.011
P6,1357,135700,pedestrian/bicycle,1053.197,971.793,-1.397,0.009
P6,1358,135800,pedestrian/bicycle,1053.06,971.794,-1.346,0.01
P6,1359,135900,pedestrian/bicycle,1052.928,971.795,-1.293,0.011
P6,1360,136000,pedestrian/bicycle,1052.802,971.796,-1.242,0.012
P6,1361,136100,pedestrian/bicycle,1052.68,971.797,-1.199,0.011
P6,1362,136200,pedestrian/bicycle,1052.561,971.798,-1.164,0.009
P6,1363,136300,pedestrian/bicycle,1052.447,971.799,-1.134,0.005
P6,1364,136400,pedestrian/bicycle,1052.334,971.799,-1.108,-0.001
P6,1365,136500,pedestrian/bicycle,1052.225,971.799,-1.088,-0.008
P6,1366,136600,pedestrian/bicycle,1052.116,971.798,-1.075,-0.013
P6,1367,136700,pedestrian/bicycle,1052.009,971.796,-1.07,-0.015
P6,1368,136800,pedestrian/bicycle,1051.902,971.795,-1.067,-0.011
P6,1369,136900,pedestrian/bicycle,1051.796,971.794,-1.063,-0.002
P6,1370,137000,pedestrian/bicycle,1051.69,971.795,-1.06,0.011
P6,1371,137100,pedestrian/bicycle,1051.583,971.797,-1.068,0.027
P6,1372,137200,pedestrian/bicycle,1051.475,971.8,-1.092,0.043
P6,1373,137300,pedestrian/bicycle,1051.364,971.805,-1.129,0.06
P6,1374,137400,pedestrian/bicycle,1051.249,971.812,-1.168,0.075
P6,1375,137500,pedestrian/bicycle,1051.131,971.82,-1.198,0.087
P6,1376,137600,pedestrian/bicycle,1051.01,971.829,-1.217,0.095
P6,1377,137700,pedestrian/bicycle,1050.888,971.839,-1.232,0.101
P6,1378,137800,pedestrian/bicycle,1050.764,971.85,-1.247,0.112
P6,1379,137900,pedestrian/bicycle,1050.638,971.862,-1.264,0.13
P6,1380,138000,pedestrian/bicycle,1050.511,971.876,-1.278,0.151
P6,1381,138100,pedestrian/bicycle,1050.383,971.892,-1.286,0.176
P6,1382,138200,pedestrian/bicycle,1050.254,971.911,-1.297,0.201
P6,1383,138300,pedestrian/bicycle,1050.123,971.932,-1.312,0.223
P6,1384,138400,pedestrian/bicycle,1049.992,971.955,-1.325,0.237
P6,1385,138500,pedestrian/bicycle,1049.859,971.979,-1.327,0.242
P6,1386,138600,pedestrian/bicycle,1049.727,972.003,-1.317,0.236
P6,1387,138700,pedestrian/bicycle,1049.596,972.026,-1.302,0.222
P6,1388,138800,pedestrian/bicycle,1049.466,972.047,-1.286,0.204
P6,1389,138900,pedestrian/bicycle,1049.339,972.067,-1.267,0.184
P6,1390,139000,pedestrian/bicycle,1049.213,972.084,-1.247,0.165
P6,1391,139100,pedestrian/bicycle,1049.089,972.1,-1.227,0.147
P6,1392,139200,pedestrian/bicycle,1048.967,972.114,-1.212,0.131
P6,1393,139300,pedestrian/bicycle,1048.847,972.126,-1.204,0.117
P6,1394,139400,pedestrian/bicycle,1048.726,972.137,-1.201,0.103
P6,1395,139500,pedestrian/bicycle,1048.606,972.147,-1.201,0.091
P6,1396,139600,pedestrian/bicycle,1048.486,972.156,-1.202,0.083
P6,1397,139700,pedestrian/bicycle,1048.366,972.164,-1.206,0.078
P6,1398,139800,pedestrian/bicycle,1048.245,972.171,-1.213,0.078
P6,1399,139900,pedestrian/bicycle,1048.123,972.179,-1.223,0.083
P6,1400,140000,pedestrian/bicycle,1048,972.188,-1.232,0.092
P6,1401,140100,pedestrian/bicycle,1047.877,972.198,-1.239,0.103
P6,1402,140200,pedestrian/bicycle,1047.752,972.209,-1.246,0.115
P6,1403,140300,pedestrian/bicycle,1047.627,972.221,-1.255,0.125
P6,1404,140400,pedestrian/bicycle,1047.501,972.234,-1.267,0.131
P6,1405,140500,pedestrian/bicycle,1047.374,972.247,-1.278,0.133
P6,1406,140600,pedestrian/bicycle,1047.246,972.26,-1.285,0.135
P6,1407,140700,pedestrian/bicycle,1047.117,972.274,-1.286,0.136
P6,1408,140800,pedestrian/bicycle,1046.989,972.287,-1.282,0.136
P6,1409,140900,pedestrian/bicycle,1046.861,972.301,-1.273,0.132
P6,1410,141000,pedestrian/bicycle,1046.735,972.314,-1.259,0.124
P6,1411,141100,pedestrian/bicycle,1046.61,972.325,-1.24,0.112
P6,1412,141200,pedestrian/bicycle,1046.487,972.336,-1.216,0.098
P6,1413,141300,pedestrian/bicycle,1046.366,972.345,-1.197,0.082
P6,1414,141400,pedestrian/bicycle,1046.247,972.352,-1.186,0.065
P6,1415,141500,pedestrian/bicycle,1046.129,972.358,-1.185,0.048
P6,1416,141600,pedestrian/bicycle,1046.01,972.362,-1.193,0.029
P6,1417,141700,pedestrian/bicycle,1045.89,972.364,-1.204,0.011
P6,1418,141800,pedestrian/bicycle,1045.769,972.364,-1.218,-0.006
P6,1419,141900,pedestrian/bicycle,1045.646,972.363,-1.232,-0.022
P6,1420,142000,pedestrian/bicycle,1045.522,972.36,-1.242,-0.034
P6,1421,142100,pedestrian/bicycle,1045.398,972.356,-1.243,-0.04
P6,1422,142200,pedestrian/bicycle,1045.274,972.352,-1.233,-0.042
P6,1423,142300,pedestrian/bicycle,1045.152,972.348,-1.217,-0.045
P6,1424,142400,pedestrian/bicycle,1045.031,972.343,-1.201,-0.047
P6,1425,142500,pedestrian/bicycle,1044.911,972.338,-1.191,-0.047
P6,1426,142600,pedestrian/bicycle,1044.793,972.334,-1.186,-0.05
P6,1427,142700,pedestrian/bicycle,1044.674,972.328,-1.185,-0.057
P6,1428,142800,pedestrian/bicycle,1044.555,972.322,-1.186,-0.066
P6,1429,142900,pedestrian/bicycle,1044.437,972.315,-1.19,-0.076
P6,1430,143000,pedestrian/bicycle,1044.317,972.307,-1.198,-0.087
P6,1431,143100,pedestrian/bicycle,1044.197,972.297,-1.21,-0.099
P6,1432,143200,pedestrian/bicycle,1044.075,972.287,-1.22,-0.112
P6,1433,143300,pedestrian/bicycle,1043.953,972.275,-1.224,-0.123
P6,1434,143400,pedestrian/bicycle,1043.831,972.262,-1.223,-0.131
P6,1435,143500,pedestrian/bicycle,1043.708,972.249,-1.223,-0.137
P6,1436,143600,pedestrian/bicycle,1043.586,972.235,-1.225,-0.138
P6,1437,143700,pedestrian/bicycle,1043.463,972.221,-1.228,-0.136
P6,1438,143800,pedestrian/bicycle,1043.341,972.208,-1.227,-0.133
P6,1439,143900,pedestrian/bicycle,1043.218,972.195,-1.22,-0.13
P6,1440,144000,pedestrian/bicycle,1043.097,972.182,-1.212,-0.123
P6,1441,144100,pedestrian/bicycle,1042.976,972.17,-1.203,-0.115
P6,1442,144200,pedestrian/bicycle,1042.856,972.159,-1.193,-0.106
P6,1443,144300,pedestrian/bicycle,1042.737,972.149,-1.183,-0.097
P6,1444,144400,pedestrian/bicycle,1042.619,972.14,-1.174,-0.087
P6,1445,144500,pedestrian/bicycle,1042.502,972.132,-1.169,-0.076
P6,1446,144600,pedestrian/bicycle,1042.385,972.125,-1.168,-0.066
P6,1447,144700,pedestrian/bicycle,1042.268,972.118,-1.173,-0.06
P6,1448,144800,pedestrian/bicycle,1042.151,972.112,-1.179,-0.057
P6,1449,144900,pedestrian/bicycle,1042.033,972.107,-1.183,-0.058
P6,1450,145000,pedestrian/bicycle,1041.914,972.101,-1.185,-0.06
P6,1451,145100,pedestrian/bicycle,1041.795,972.095,-1.188,-0.06
P6,1452,145200,pedestrian/bicycle,1041.676,972.089,-1.193,-0.054
